<?xml version="1.0" encoding="UTF-8"?>
<beans xmlns="http://www.springframework.org/schema/beans"
	xmlns:xsi="http://www.w3.org/2001/XMLSchema-instance"
	xmlns:context="http://www.springframework.org/schema/context"
	xmlns:tx="http://www.springframework.org/schema/tx"
	xsi:schemaLocation="http://www.springframework.org/schema/beans http://www.springframework.org/schema/beans/spring-beans.xsd
		http://www.springframework.org/schema/context http://www.springframework.org/schema/context/spring-context-4.3.xsd
		http://www.springframework.org/schema/tx http://www.springframework.org/schema/tx/spring-tx-4.3.xsd">

	
	<context:annotation-config/>
	
	<bean class="org.springframework.orm.jpa.support.PersistenceAnnotationBeanPostProcessor"/>
	
	<bean id="entityManagerFactory" class="org.springframework.orm.jpa.LocalContainerEntityManagerFactoryBean">
		<property name="persistenceUnitName" value="punit"/>
		<property name="dataSource" ref="dataSource"/>
		<property name="jpaVendorAdapter">
			<bean class="org.springframework.orm.jpa.vendor.HibernateJpaVendorAdapter">
				<property name="showSql" value="true"/>
			</bean>
		</property>
		<property name="jpaPropertyMap">
			<map>
				<entry key="hibernate.dialect" value="org.hibernate.dialect.H2Dialect"/>
				<entry key="hibernate.hbm2ddl.auto" value="create"/>
				<entry key="hibernate.format_sql" value="true"/>
			</map>
		</property>
	</bean>
	
	<bean id="transactionManager" class="org.springframework.orm.jpa.JpaTransactionManager">
		<property name="entityManagerFactory" ref="entityManagerFactory"/>
	</bean>
	
	<tx:annotation-driven transaction-manager="transactionManager"/>	
	
	<bean id="dataSource" class="org.springframework.jdbc.datasource.DriverManagerDataSource">
		<property name="driverClassName" value="org.h2.Driver"/>
		<property name="url" value="jdbc:h2://localhost:8080/fitnessTracker?autoReconnect=true"/>
		<property name="username" value="sa"/>
		<property name="password" value="sa"/>
	</bean>		
		
</beans>
